Name,Country,University,Year,Source,LinkedIn_Profile
Aaryan Prakash,United States,The University of Texas at Austin,2024,ICPC,https://www.linkedin.com/in/aaryan-prakash-568979186
Abhratanu Dutta,United States,Northwestern University,2017,ICPC,https://www.linkedin.com/in/abhratanu-dutta
Adam Ardeishar,United States,,2018,IMO,https://www.linkedin.com/in/adam-zheng-66319a193
Adam Barth,United States,Virginia Tech,2018,ICPC,https://www.linkedin.com/in/adam-barth-997791156
Adavya Goyal,United Kingdom,,2024,IOI,https://uk.linkedin.com/in/adavya-goyal-65bb89325
Adhyyan Sekhsaria,United States,University of Southern California,2020,ICPC,https://www.linkedin.com/in/adhyyansekhsaria
Aditya Jain,United States,University of Illinois at Urbana-Champaign,2024,ICPC,https://in.linkedin.com/in/aditya-jain-16226010a
Aditya Shah,United States,Columbia University,2019,ICPC,https://www.linkedin.com/in/adityajshah
Aditya Sundaram,United States,Carnegie Mellon University,2022,ICPC,https://www.linkedin.com/in/aditya-sundaram-0983971a9
Adrian Goldwaser,Australia,The University of New South Wales,2019,ICPC,https://www.linkedin.com/in/davidguadeloupe
Agnijo Banerjee,United Kingdom,,2018,IMO,
Ahmed Sabie,Canada,University of Waterloo,2018,ICPC,https://www.linkedin.com/in/ahmed-sabie-13553856
Akif Patel,United States,Rutgers University,2022,ICPC,https://www.linkedin.com/in/akif-patel-b76489172
Alan Li,New Zealand,,2019,IMO,https://www.linkedin.com/in/alanwli
Albert Gural,United States,California Institute of Technology,2016,ICPC,https://www.linkedin.com/in/albertgural
Albert Smith,Australia,,2018,IOI,https://www.linkedin.com/in/albertsmith
Alec Grieser,United States,University of Virginia,2016,ICPC,https://www.linkedin.com/in/alec-grieser-8a998b2b
Alex Chui,United Kingdom,,2024,IMO,
Alex Darby,United Kingdom,,2019,IMO,https://www.linkedin.com/in/alex-darby-26b71842
Alex Meed,United States,The University of Texas at Austin,2017,ICPC,https://www.linkedin.com/in/meedalexa
Alex Qiu,Australia,,2024,IMO,https://www.linkedin.com/in/alexqiu34
Alex Tatomir,United Kingdom,University of Oxford,2019,ICPC,https://uk.linkedin.com/in/atatomir
Alex Zhao,United States,,2023,IMO,https://www.linkedin.com/in/alex-zhao-a28b12176
Alexander Coleman,United States,University of Central Florida,2018,ICPC,https://www.linkedin.com/in/alexander-coleman24
Alexander Dai,United States,University of California at Berkeley,2018,ICPC,https://www.linkedin.com/in/alex-dai-2626b361
Alexander Gunning,Australia,,2015,IMO,https://www.linkedin.com/in/alexander-gunning
Alexander Iverson,United States,South Dakota School of Mines and Technology,2019,ICPC,https://www.linkedin.com/in/alexander-iverson
Alexander Lind,United States,Virginia Tech,2020,ICPC,https://www.linkedin.com/in/alexander-c-lind
Alexander Song,United Kingdom,,2017,IMO,https://www.linkedin.com/in/alexjsong
Alexander Thatcher,Australia,The University of Western Australia,2019,ICPC,https://au.linkedin.com/in/adam-thatcher-29b26954
Alexander Wang,United States,,2024,IMO,
Alexander Whatley,Canada,,2015,IMO,https://www.linkedin.com/in/alexander-w-a33b7751
Ali Khosravi,Australia,UNSW Sydney,2022,ICPC,https://au.linkedin.com/in/ali-khosravi-b4432616a
Ali-Amir Aldan,United States,Massachusetts Institute of Technology,2015,ICPC,https://www.linkedin.com/in/ali-amir-aldan-a2b81b46
Allee Zarrini,United States,Colorado School of Mines,2018,ICPC,
Allen Li,United States,University of Michigan at Ann Arbor,2021,ICPC,https://www.linkedin.com/in/allen-li-976678167
Allen Liu,United States,Massachusetts Institute of Technology,2016,ICPC,https://www.linkedin.com/in/allen-liu-284b28127
Allen Pei,Canada,,2022,IOI,https://www.linkedin.com/in/allenpei
Aman Karunakaran,United States,University of Michigan at Ann Arbor,2018,ICPC,https://in.linkedin.com/in/yash-karunakaran-17b671b6
Amber Li,Australia,,2024,IMO,https://www.linkedin.com/in/amber-li-317610205
An Nguyen,United States,The University of Texas at Dallas,2020,ICPC,https://www.linkedin.com/in/an-nguyen-tran
Anango Prabhat,United Kingdom,,2024,IOI,
Anatol Coen,New Zealand,,2023,IOI,https://nz.linkedin.com/in/anatol-coen
Andrei Dumitru,United States,Illinois Institute of Technology,2016,ICPC,https://www.linkedin.com/in/agdumitru
Andrei-Costin Constantinescu,United Kingdom,University of Oxford,2018,ICPC,https://ch.linkedin.com/in/andrei-costin
Andres David Buritica Monroy,Australia,,2021,IMO,https://www.linkedin.com/in/andres-buritica-monroy-84330828a
Andrew Gozzard,Australia,The University of Western Australia,2016,ICPC,https://au.linkedin.com/in/david-gozzard-16606099
Andrew Gu,United States,Harvard University,2022,ICPC,https://www.linkedin.com/in/andrew-gu-961768216
Andrew Haigh,Australia,The Australian National University,2015,ICPC,https://au.linkedin.com/in/andrew-haigh-498365a2
Andrew He,United States,Massachusetts Institute of Technology,2019,ICPC,https://www.linkedin.com/in/andrew-he
Andrew Kerr,Australia,The Australian National University,2024,ICPC,https://au.linkedin.com/in/andrew8kerr
Andrew Lin,Canada,,2016,IMO,https://www.linkedin.com/in/andrew-lin-96578254
Andrew Morgan,United States,University of Wisconsin - Madison,2015,ICPC,https://www.linkedin.com/in/andrew-morgan-130959b
Andrew Norton,United States,University of Virginia,2016,ICPC,https://www.linkedin.com/in/apnortoncs
Andrew Polizzotto,United States,New York University,2023,ICPC,https://www.linkedin.com/in/andrew-polizzotto-7a93b423a
Andrew Stelter,United States,South Dakota School of Mines and Technology,2018,ICPC,https://www.linkedin.com/in/andrew-stelter-0a3762106
Andrew Tang,Canada,University of Waterloo,2023,ICPC,https://ca.linkedin.com/in/andrew-qi-tang
Andrew Yang,United States,Carnegie Mellon University,2021,ICPC,https://www.linkedin.com/in/andy-yang-2191b4155
Andrew Yian Chen,New Zealand,,2018,IMO,https://uk.linkedin.com/in/andrewchennz
Andrew Yuan,United States,Yale University,2021,ICPC,https://www.linkedin.com/in/andrew-yuan-01702a156
Andriy Katkov,United States,Virginia Tech,2017,ICPC,https://www.linkedin.com/in/andriykatkov
Andy Phan,United States,University of Central Florida,2023,ICPC,https://www.linkedin.com/in/andy-phan-53b09116b
Andy Shih,United States,Stanford University,2017,ICPC,https://www.linkedin.com/in/andy-shih
Andy van Horssen,United Kingdom,University of Oxford,2023,ICPC,https://uk.linkedin.com/in/andy-van-horssen-bb0009257
Angus Ritossa,Australia,UNSW Sydney,2019,ICPC,https://au.linkedin.com/in/belgutei0323
Ankan Bhattacharya,United States,,2017,IMO,https://www.linkedin.com/in/ankancs94
Ankit Bisain,United States,,2021,IMO,
Anthony Fetelya,Canada,University of Toronto,2023,ICPC,https://ca.linkedin.com/in/afetelya
Anton Trygub,United States,Massachusetts Institute of Technology,2022,ICPC,https://www.linkedin.com/in/anton-trygub-32919514a
Antoni Pilat,United Kingdom,,2021,IOI,
Antonio Molina Lovett,Canada,University of Waterloo,2017,ICPC,https://ca.linkedin.com/in/finn-lidbetter
Arihant Jain,United States,University of California Los Angeles,2021,ICPC,https://www.linkedin.com/in/thearihantjain
Arman Tokanov,United States,University of Pennsylvania,2017,ICPC,https://kz.linkedin.com/in/tokanov
Arnav Sastry,United States,The University of Texas at Austin,2018,ICPC,https://www.linkedin.com/in/arknave
Aron Thomas,United Kingdom,,2020,IMO,https://is.linkedin.com/in/aron-thomas-050664ba
Arthur Conmy,United Kingdom,,2019,IOI,https://www.linkedin.com/in/arthur-conmy-a029211a8
Arthur Wenqi Sun,Australia,,2023,IOI,https://au.linkedin.com/in/wenqi-sun-580857b7
Arvin Sahami,Canada,,2021,IMO,
Arvind Ramaswami,United States,Georgia Institute of Technology,2021,ICPC,https://www.linkedin.com/in/arvind-ramaswami
Aryaz Eghbali,Canada,University of Calgary,2015,ICPC,https://de.linkedin.com/in/aryaz-eghbali-71508643
Ashwin Sah,United States,,2016,IMO,https://www.linkedin.com/in/ashwinsah
Austin Tankiang,Australia,The University of New South Wales,2019,ICPC,
Ava Pun,Canada,,2018,IOI,https://ca.linkedin.com/in/avapun
Bao Tran,United States,University of Rochester,2021,ICPC,https://www.linkedin.com/in/baotran01
Barnard Patel,New Zealand,,2016,IMO,https://www.linkedin.com/in/maahipatell
Basim Khajwal,United Kingdom,,2018,IOI,https://uk.linkedin.com/in/basimkhajwal
BatOrgil Batsaikhan,United States,University of Minnesota - Twin Cities,2016,ICPC,
Batmend Batsaikhan,United States,Carleton College,2023,ICPC,https://www.linkedin.com/in/batmendbar
Belinda Shi,Australia,,2016,IOI,https://www.linkedin.com/in/belindashi
Ben Erickson,United States,The University of South Dakota,2017,ICPC,https://www.linkedin.com/in/eric1743
Ben Ritter,Australia,The University of Western Australia,2015,ICPC,https://cz.linkedin.com/in/ben-loffelmann
Benedek Szilvasy,United Kingdom,,2021,IOI,https://hu.linkedin.com/in/benedek-szilvasi-0a04a210
Benedict Morrissey,Australia,The Australian National University,2015,ICPC,https://au.linkedin.com/in/ben-morrissey-4b3067a
Benedict Randall Shaw,United Kingdom,,2019,IMO,https://uk.linkedin.com/in/benedict-shaw-60b07916b
Benjamin Gillott,United Kingdom,,2022,IMO,https://www.linkedin.com/in/ben-gillott
Benjamin Grimmer,United States,Illinois Institute of Technology,2016,ICPC,https://www.linkedin.com/in/benjamin-grimmer-b0320555
Benjamin Pruett,United States,Virginia Tech,2015,ICPC,https://www.linkedin.com/in/ben-pruitt
Benjamin Qi,United States,Massachusetts Institute of Technology,2020,ICPC,https://www.linkedin.com/in/bqi343
Benjamin Reidys,United States,Virginia Tech,2020,ICPC,https://www.linkedin.com/in/benjamin-reidys-89a802170/
Benjamin Smith,New Zealand,,2021,IOI,https://www.linkedin.com/in/benjamin-smith-413b883d8100s
Benyu Wang,United States,University of Michigan at Ann Arbor,2024,ICPC,https://www.linkedin.com/in/binyu-wang-047b30236?trk=people-guest_people_search-card
Bicheng Gao,United States,Columbia University,2019,ICPC,https://www.linkedin.com/in/bicheng-gao-1b719266
Biye Jiang,United States,University of California at Berkeley,2015,ICPC,https://www.linkedin.com/in/jun-jiang
Boning Dai,New Zealand,,2024,IMO,https://sg.linkedin.com/in/boning-song-5381941b4
Brandon Wang,United States,,2019,IMO,https://www.linkedin.com/in/wangbrandon
Brandon Zhang,Canada,University of British Columbia,2019,ICPC,https://sg.linkedin.com/in/brandon-zhang-01804a210
Brena Merz,New Zealand,,2022,IMO,https://nz.linkedin.com/in/brena-merz-b99970266
Brian Chau,Canada,University of British Columbia,2016,ICPC,https://ca.linkedin.com/in/brian-chau-2b243865
Brian Chen,United States,Massachusetts Institute of Technology,2016,ICPC,https://www.linkedin.com/in/brianchenphd
Brian Hirsh,United States,University of Pennsylvania,2018,ICPC,https://www.linkedin.com/in/hirshbrian
Brian Richer,United States,The University of Texas at Austin,2017,ICPC,https://www.linkedin.com/in/brianmathewricher
Bryan Jin,United States,University of Wisconsin - Madison,2019,ICPC,https://www.linkedin.com/in/bryan-jin-804a60113
Bryce Sandlund,United States,University of Wisconsin - Madison,2015,ICPC,https://www.linkedin.com/in/brycesandlund
Brynly Mitchell,Australia,,2021,IOI,https://uk.linkedin.com/in/brynley-smith-a3177915a
Bufan Zhao,New Zealand,,2023,IMO,https://www.linkedin.com/in/bufan-zhao-387a76214
Byung Hoon Cho,New Zealand,,2015,IOI,
Bálint Rózsa,Canada,,2024,IOI,https://www.linkedin.com/in/balint-rozsa-b2b6262a1
Caleb Hu,United States,The University of Texas at Austin,2024,ICPC,https://www.linkedin.com/in/caleb-hu-17a2a331b
Calvin Deng,United States,Harvard University,2016,ICPC,https://www.linkedin.com/in/calvin-deng-700b9781
Changtian Sun,United States,University of Wisconsin - Madison,2018,ICPC,https://www.linkedin.com/in/changtian-sun
Changyu Zhu,United States,University of Southern California,2019,ICPC,https://www.linkedin.com/in/changyu-zhu
Chaoshuai Lu,United States,University of California Los Angeles,2015,ICPC,https://www.linkedin.com/in/matrush
Charles Dacheng Li,Australia,,2018,IMO,https://uk.linkedin.com/in/charles-li-606894283
Charles Jameson,Australia,,2017,IOI,
Charles Koenig,United States,University of Chicago,2015,ICPC,https://www.linkedin.com/in/charles-koenig-155bb053
Chase Hildebrand,United States,University of Virginia,2024,ICPC,
Cheng-Yuan Lee,United States,University of Maryland,2024,ICPC,https://www.linkedin.com/in/sam571128
Chenhui Zhu,United States,University of Southern California,2019,ICPC,https://www.linkedin.com/in/chenhui-zhu-4343ba149
Chenwei Wu,United States,Duke University,2019,ICPC,https://www.linkedin.com/in/chenwei-wu-22754012b
Ching Yun Hsu,United States,California Institute of Technology,2016,ICPC,
Chris Pan,New Zealand,,2024,IMO,https://www.linkedin.com/in/chrispan
Chris Trevisan,Canada,University of Waterloo,2022,ICPC,https://ca.linkedin.com/in/chris-trevisan-865b111ba
Christopher Brown,New Zealand,,2016,IOI,https://www.linkedin.com/in/christopher-brown-50497234
Christopher Lambert,United States,Carnegie Mellon University,2021,ICPC,https://www.linkedin.com/in/chris-lambert-7b350380
Christopher Tran,Australia,,2023,IMO,https://www.linkedin.com/in/christophermtran
Christopher Trevisan,Canada,,2021,IOI,
Christopher Wu,United States,Virginia Tech,2017,ICPC,https://www.linkedin.com/in/chris-wu-a7a974125
Chuanqi Shen,United States,Stanford University,2015,ICPC,https://www.linkedin.com/in/chuanqi-shen-81a32646
Chuanye Chen,New Zealand,,2016,IOI,https://www.linkedin.com/in/chuanye-xiong-198404238
Chun Wu,United States,University of Michigan at Ann Arbor,2015,ICPC,https://www.linkedin.com/in/chunyi-wu-49bb263b
Cloris Xu,Australia,,2024,IMO,
Colin Galen,United States,University of Maryland,2024,ICPC,https://www.linkedin.com/in/colin-galen-10b157206
Colin Shanmo Tang,United States,,2019,IMO,https://www.linkedin.com/in/colinshanmotang
Conor Kennedy,United States,Stanford University,2024,ICPC,https://www.linkedin.com/in/conor-kennedy-129b32320
Cormac Kikkert,Australia,The Australian National University,2024,ICPC,https://au.linkedin.com/in/cormac-kikkert-264b621b2
Corwin de Boor,United States,Carnegie Mellon University,2019,ICPC,
Costin-Andrei Oncescu,United Kingdom,University of Oxford,2021,ICPC,https://www.linkedin.com/in/costin-andrei-oncescu-0b3b18176
Curtis Fenner,United States,University of Michigan at Ann Arbor,2017,ICPC,https://www.linkedin.com/in/liam-aaren-curtis-677570196
Da Wei Zheng,Canada,University of British Columbia,2019,ICPC,https://ca.linkedin.com/in/wei-zheng-8172271a3
Daaron Chiu,Australia,The University of New South Wales,2016,ICPC,https://au.linkedin.com/in/daaron-chiu-8204b1109
Dallas Yan,Australia,UNSW Sydney,2022,ICPC,https://au.linkedin.com/in/dallasyan
Daniel Anderson,Australia,Monash University,2017,ICPC,https://www.linkedin.com/in/danielliamanderson
Daniel Andrus,United States,South Dakota School of Mines and Technology,2016,ICPC,https://www.linkedin.com/in/daniel-andrus-259a27a3
Daniel Chiu,United States,Harvard University,2019,ICPC,https://www.linkedin.com/in/chiud13
Daniel Moyer,United States,Virginia Tech,2018,ICPC,https://www.linkedin.com/in/daniel-moyer-97733118a
Daniel Naylor,United Kingdom,,2021,IMO,https://www.linkedin.com/in/daniel-naylor-b385398
Daniel Rubery,United States,University of Rochester,2017,ICPC,
Daniel Talamas Cano,United States,The University of Texas at Austin,2018,ICPC,https://www.linkedin.com/in/khrystina-gullett-46aab137
Daniel West,United States,University of Central Florida,2022,ICPC,https://www.linkedin.com/in/daniel-west-578a64190
Daniel Ye,Canada,,2024,IOI,https://www.linkedin.com/in/dye01
Daniel Zhang,United States,Georgia Institute of Technology,2023,ICPC,https://www.linkedin.com/in/the-daniel-zhang
Daniel Zhu,United States,,2019,IMO,https://www.linkedin.com/in/danzhuu
Dannier Li,United States,University of Nebraska - Lincoln,2019,ICPC,https://www.linkedin.com/in/dannier-li
Darrin Wiley,United States,The University of Texas at Dallas,2020,ICPC,https://www.linkedin.com/in/darrin-wiley-b6b436152
David Berard,Canada,University of British Columbia,2020,ICPC,https://www.linkedin.com/in/david-berard-2a0531176
David Harmeyer,United States,University of Central Florida,2020,ICPC,
David Liao,United States,University of Pennsylvania,2018,ICPC,https://www.linkedin.com/in/davidliao1
David Liu,United States,Harvard University,2015,ICPC,https://www.linkedin.com/in/david-r-liu-465394185
David Shah,United Kingdom,,2015,IOI,
David Spencer,United States,University of North Carolina at Chapel Hill,2016,ICPC,https://www.linkedin.com/in/david-spencer-38597bb7
David Stoner,United States,,2015,IMO,
David Tang,Canada,,2020,IMO,https://www.linkedin.com/in/daxtang
David Wärn,United Kingdom,University of Cambridge,2020,ICPC,
David Zhuang,United States,Northeastern University,2021,ICPC,https://www.linkedin.com/in/david-zhuang
Dawn Chen,New Zealand,,2024,IMO,https://www.linkedin.com/in/dawnchenx
Dayton Ellwanger,United States,University of North Carolina at Chapel Hill,2016,ICPC,https://www.linkedin.com/in/dayton-ellwanger-88528b94
Declan McDonnell,Australia,The University of New South Wales,2016,ICPC,https://ie.linkedin.com/in/declan-allen-60814615
Deon Nicholas,Canada,University of Waterloo,2015,ICPC,https://www.linkedin.com/in/deon-nicholas
Derek Liu,United States,,2023,IMO,https://www.linkedin.com/in/cderekliu
Derek Morris,United States,University of Virginia,2016,ICPC,https://www.linkedin.com/in/derekemorris
Devin Qu,United States,Purdue University,2023,ICPC,https://www.linkedin.com/in/devinqu
Deyuan Li,United States,Yale University,2021,ICPC,https://www.linkedin.com/in/deyuan-li
Dhruv Basu,Canada,,2023,IMO,https://www.linkedin.com/in/dhruv-basu-48479562
Di Chen,United States,Cornell University,2018,ICPC,https://www.linkedin.com/in/di-chen-a0b264131
Dilhan Salgado,United States,Carnegie Mellon University,2022,ICPC,https://www.linkedin.com/in/dilhan-salgado-7491b0220
Dimitrije Erdeljan,United Kingdom,University of Cambridge,2018,ICPC,https://uk.linkedin.com/in/dimitrije-erdeljan-777a39148
Dingkang Wang,United States,Ohio State University,2016,ICPC,https://www.linkedin.com/in/dingkang-wang-b25407ab
Dingli Yu,United States,Princeton University,2019,ICPC,https://www.linkedin.com/in/dingli-yu-3b5b01143/
Dion Stephan Ong,United States,Yale University,2021,ICPC,https://www.linkedin.com/in/dsjong
Dmitry Brizhinev,Australia,The Australian National University,2015,ICPC,
Dongxiao Yu,United States,University of California at Berkeley,2018,ICPC,
Dragos-Florian Ristache,United States,Cornell University,2017,ICPC,
Dung Bui,United States,University of Wisconsin-Madison,2021,ICPC,
Dustin Pho,United States,Virginia Tech,2016,ICPC,
Duy Nguyen,United States,Drexel University,2019,ICPC,https://www.linkedin.com/in/duy-nguyen-80999b255
Dušan Živanović,United Kingdom,University of Cambridge,2018,ICPC,
Ed Kim,United States,Northwestern University,2015,ICPC,https://www.linkedin.com/in/edward-kim-18b16668
Edgar Wang,Canada,,2020,IMO,https://www.linkedin.com/in/edgar-wang-1a743423
Eduardo Ferreira,United States,Cornell University,2015,ICPC,https://br.linkedin.com/in/edufgf
Edward Chen,New Zealand,The University of Auckland,2019,ICPC,https://nz.linkedin.com/in/edward--c
Edward Wan,United States,,2019,IMO,
Edward Xiao,Canada,,2022,IOI,https://www.linkedin.com/in/edwarddxiao
Edward Xiao,United States,Carnegie Mellon University,2023,ICPC,https://www.linkedin.com/in/edward-xiao-cmu
Egor Gagushin,United States,Purdue University,2022,ICPC,https://www.linkedin.com/in/egor-gagushin-24a66a21b
Elijah Huang,United States,University of California Irvine,2024,ICPC,https://www.linkedin.com/in/elijah-huang-
Eliot Courtney,Australia,The University of Western Australia,2015,ICPC,https://jp.linkedin.com/in/eliot-courtney-b76a9ba7
Emily Ma,Canada,,2024,IMO,https://www.linkedin.com/in/emilyjma
Emma Krantz,Australia,The University of Western Australia,2016,ICPC,https://au.linkedin.com/in/emma-krantz-803764136
Erekle Roinishvili,United Kingdom,,2023,IOI,https://uk.linkedin.com/in/erekle-roi
Eric Hu,Canada,McGill University,2021,ICPC,https://ca.linkedin.com/in/eric-hu-4b9886141
Eric Lee,New Zealand,,2022,IMO,https://www.linkedin.com/in/eric-lee-08561b4
Eric Liang,New Zealand,,2023,IMO,
Eric Ly,United States,University of Central Florida,2018,ICPC,https://www.linkedin.com/in/eric-ly-074321149
Eric Schneider,United States,Princeton University,2017,ICPC,https://www.linkedin.com/in/ericcire
Eric Shao,United States,Columbia University,2024,ICPC,https://www.linkedin.com/in/eyshao
Eric Shen,Canada,,2021,IMO,https://www.linkedin.com/in/ericshen30
Eric Shen,United States,,2023,IMO,https://www.linkedin.com/in/ericshen30
Eric Song,New Zealand,,2019,IOI,https://www.linkedin.com/in/eric-song-4432314a
Eric Williamson,United States,Virginia Tech,2018,ICPC,https://www.linkedin.com/in/eric-williamson-3085306
Eric Xu,United States,Stanford University,2019,ICPC,https://www.linkedin.com/in/eric-xu-83195a10b
Eric Yang,United States,Rutgers University,2024,ICPC,https://www.linkedin.com/in/eric-yang-6633bb261
Eric Zhang,United States,Harvard University,2020,ICPC,https://www.linkedin.com/in/ekzhang
Ernest Lu,United States,"University of California, Berkeley",2024,ICPC,https://www.linkedin.com/in/badint
Ethan Arnold,United States,The University of Texas at Austin,2019,ICPC,https://www.linkedin.com/in/ethanarnold
Ethan Ng,New Zealand,,2020,IMO,https://www.linkedin.com/in/ethan--ng
Ethan Yong-Ern Tan,Australia,,2018,IMO,https://uk.linkedin.com/in/ethan-tan-907235205
Euan Ong,United Kingdom,,2020,IOI,https://uk.linkedin.com/in/euanong
Euan Tebbutt,United Kingdom,,2017,IOI,https://uk.linkedin.com/in/euan-tebbutt
Evan Bailey,United States,The University of Texas at Dallas,2023,ICPC,https://www.linkedin.com/in/e-m-bailey
Evan Dorundo,United States,University of Central Florida,2016,ICPC,
Evan Limanto,United States,University of California at Berkeley,2017,ICPC,https://www.linkedin.com/in/evanlimanto
Evan Lin,Australia,,2023,IOI,
Evan Lu,Canada,,2022,IMO,
Farbod Yadegarian,Canada,,2016,IOI,
Forrest Li,United States,University of North Carolina at Chapel Hill,2016,ICPC,
Fox Thomson,United Kingdom,,2018,IOI,
Franklyn Wang,United States,Harvard University,2020,ICPC,
Fredrik Ekholm,United Kingdom,University of Cambridge,2024,ICPC,
Fredy Yip,Australia,,2020,IMO,
Gabriel Wu,United States,Harvard University,2024,ICPC,
Gaoyuan Chen,United States,University of Southern California,2015,ICPC,
Gediminas Lelesius,United Kingdom,University of Cambridge,2022,ICPC,
Geoffry Song,Canada,University of Waterloo,2015,ICPC,
George Chen,Canada,,2020,IOI,
George Chichirim,United Kingdom,University of Oxford,2018,ICPC,
George Han,New Zealand,,2015,IMO,
George Mears,United Kingdom,,2019,IMO,
George Zhou,United Kingdom,,2022,IMO,
Golrokh Emami,United States,Stanford University,2020,ICPC,
Gopal Goel,United States,,2020,IMO,
Grace Chang,New Zealand,,2019,IMO,
Grace Yuan,Australia,,2022,IMO,
Grady Kenix,New Zealand,,2022,IMO,
Grayden Price,Canada,University of Alberta,2021,ICPC,
Gregory Zhang,Canada,University of British Columbia,2018,ICPC,
Guanhan Li,New Zealand,,2024,IOI,
Guowen Zhang,Australia,,2018,IMO,
Hadi Yami,United States,University of Maryland,2017,ICPC,
Hadyn Ka Ming Tang,Australia,,2021,IMO,
Hadyn Tang,Australia,The Australian National University,2024,ICPC,
Haibing Wang,Australia,,2021,IMO,
Hamish Baguley,New Zealand,,2021,IMO,
Hanjun Dai,United States,Georgia Institute of Technology,2015,ICPC,
Hanks Chong,United Kingdom,,2023,IMO,
Hao Chen,United States,University of California Los Angeles,2015,ICPC,
Haolin Zhao,United Kingdom,,2024,IMO,
Haomin Long,United States,Columbia University,2018,ICPC,
Haoran Xu,United States,Massachusetts Institute of Technology,2017,ICPC,
Haotian Wang,New Zealand,,2024,IMO,
Haozhe Yang,Canada,,2023,IMO,
Harris Leung,United Kingdom,University of Oxford,2024,ICPC,
Harrison Weigel,United States,University of Chicago,2015,ICPC,
Harun Gunaydin,United States,Drexel University,2019,ICPC,
Harvey Yau,United Kingdom,,2018,IMO,
He (James) Xu,New Zealand,,2022,IMO,
Henry Xia,Canada,University of British Columbia,2020,ICPC,
Hidenori Shinohara,United States,University of Minnesota - Twin Cities,2016,ICPC,
Ho Ching Justin Cheng,United States,University of Southern California,2016,ICPC,
Hoang Giap Vu,Australia,University of Melbourne,2023,ICPC,
Howard Halim,Canada,,2018,IMO,
Howard Loewe Halim,Canada,,2019,IMO,
Hristo Venev,United Kingdom,University of Oxford,2017,ICPC,
Huaye Jeff Lin,United States,,2023,IMO,
Hubert Teo,United States,Stanford University,2018,ICPC,
Hung li Chen,Canada,University of British Columbia,2016,ICPC,
Huy Truong Nam Nguyen,United States,Harvard University,2018,ICPC,
Ian DeHaan,Canada,University of Alberta,2022,ICPC,
Ian Gottshall,United States,Iowa State University,2017,ICPC,
Igor Durovic,United States,University of Utah,2020,ICPC,
Ildar Gainullin,Canada,University of Waterloo,2021,ICPC,
Ilia Kucherov,Australia,,2016,IMO,
Ingkarat Rak-amnouykit,United States,University of Wisconsin - Madison,2017,ICPC,
Innokentiy Kaurov,United States,Columbia University,2024,ICPC,
Ioana-Maria Tamas,United States,Cornell University,2017,ICPC,
Iris Xu,Australia,,2024,IMO,
Isaac King,United Kingdom,,2024,IMO,
Isaiah Iliffe,Australia,,2020,IOI,
Ishan Nath,New Zealand,,2020,IMO,
Ishraq Huda,Australia,,2015,IOI,
Ivan Solovyev,New Zealand,,2020,IOI,
Jackson Abascal,United States,University of Rochester,2017,ICPC,
Jacob Coxon,United Kingdom,,2017,IMO,
Jacob Jackson,Canada,University of Waterloo,2015,ICPC,
Jacob Magnuson,United States,University of Central Florida,2022,ICPC,
Jacob Perin,United States,Iowa State University,2017,ICPC,
Jacob Smith,Australia,,2018,IOI,
Jacob Smith,United States,Iowa State University,2016,ICPC,
Jacob Steinebronn,United States,University of Central Florida,2023,ICPC,
Jacob Teo,United States,Massachusetts Institute of Technology,2023,ICPC,
Jacob Zhang,United States,University of California Los Angeles,2021,ICPC,
Jake Silverman,United States,Cornell University,2016,ICPC,
James Bang,Australia,,2019,IMO,
James King,Australia,,2021,IOI,
James Lin,United States,,2018,IMO,
James Tan,United Kingdom,,2021,IOI,
James Yang,Canada,,2022,IMO,
Jason Cannon,Canada,University of Alberta,2021,ICPC,
Jason Chi,Australia,,2021,IMO,
Jason Chiu,Canada,University of British Columbia,2017,ICPC,
Jason Li,United States,Carnegie Mellon University,2015,ICPC,
Jason Liu,United States,University of California Los Angeles,2023,ICPC,
Jason Yuen,Canada,University of Waterloo,2017,ICPC,
Jason Zou,United States,University of Maryland,2018,ICPC,
Jay Leeds,United States,Swarthmore College,2024,ICPC,
Jay Zhao,New Zealand,,2024,IMO,
Jeck Lim,United Kingdom,University of Cambridge,2019,ICPC,
Jeffrey Chang,United States,Georgia Institute of Technology,2023,ICPC,
Jeffrey Kwan,United States,,2020,IMO,
Jeffrey Xiao,Canada,,2016,IOI,
Jenni Voon,United Kingdom,,2021,IMO,
Jeremy Archer,United States,University of Chicago,2015,ICPC,https://www.linkedin.com/in/jeremy-archer-72393b210
Jeremy Yip,Australia,,2015,IMO,https://www.linkedin.com/in/jeremy-yip-ph-d-8b809221
Jerry Li,United States,University of California Irvine,2017,ICPC,https://www.linkedin.com/in/jiaruijerry1992/zh-cn?trk=people-guest_people_search-card
Jerry Mao,Australia,,2018,IOI,https://www.linkedin.com/in/jerry-mao
Jerry Mao,United States,Massachusetts Institute of Technology,2021,ICPC,https://www.linkedin.com/in/jerry-mao
Jerry Zirui Li,Australia,,2023,IOI,https://ca.linkedin.com/in/the-jerry-li
Jesse Zhang,New Zealand,,2024,IOI,https://www.linkedin.com/in/thejessezhang
Jessica Wan,United States,,2024,IMO,https://www.linkedin.com/in/jessica-wan-371759326
Jiacheng Liu,United States,University of Illinois at Urbana-Champaign,2019,ICPC,https://www.linkedin.com/in/liujch1998
Jiacheng Wu,Canada,University of Alberta,2022,ICPC,https://ca.linkedin.com/in/jiachengwuu
Jiahao Fu,United States,University of Illinois at Urbana-Champaign,2024,ICPC,
Jiajie Lai,United States,Columbia University,2022,ICPC,https://www.linkedin.com/in/ji-lai-63724730
Jian Wang,United States,Ohio State University,2016,ICPC,https://www.linkedin.com/in/dr-jian-wang-a4119214
Jiangqi Dai,United States,Massachusetts Institute of Technology,2024,ICPC,https://www.linkedin.com/in/jiangqi-dai-7321b42aa
Jiawei Li,United States,The University of Texas at Austin,2022,ICPC,https://www.linkedin.com/in/jiawei-li-7289ba56
Jingbang Chen,United States,Georgia Institute of Technology,2022,ICPC,https://www.linkedin.com/in/chenjb
Jinhao (Hunter) Xu,Canada,,2015,IMO,https://www.linkedin.com/in/jinhao-chen-9a471410a
Jirayu Burapacheep,United States,University of Wisconsin - Madison,2020,ICPC,https://www.linkedin.com/in/jburapacheep
Jiyuan Qi,United States,University of Washington,2024,ICPC,https://www.linkedin.com/in/jiyuan-qiu-37a04b325
Joakim Blikstad,Canada,University of Waterloo,2019,ICPC,https://se.linkedin.com/in/joakim-blikstad-77bb4b131
Joe Benton,United Kingdom,,2017,IMO,https://www.linkedin.com/in/joe-benton-686420157
Joel Gunawan,Canada,The University of British Columbia,2024,ICPC,https://ca.linkedin.com/in/joel-gunawan-856000227
Joey Yu,Canada,,2018,IOI,https://www.linkedin.com/in/joey-yu
John Boswell,United States,University of Central Florida,2015,ICPC,https://www.linkedin.com/in/john-boswell-ph-d
Johnathan Leung,New Zealand,,2019,IMO,
Johnny Ho,United States,Harvard University,2016,ICPC,https://www.linkedin.com/in/hjohnny
Jon Schneider,United States,Princeton University,2015,ICPC,https://www.linkedin.com/in/jon-schneider-861963156
Jonathan Easterday,United States,Cedarville University,2017,ICPC,https://www.linkedin.com/in/kara-tripp-582o
Jonathan Hsieh,United States,Northeastern University,2021,ICPC,https://www.linkedin.com/in/j-hsieh
Jonathan Khoo,New Zealand,,2016,IOI,
Jonathon Sun,New Zealand,,2023,IOI,https://uk.linkedin.com/in/jonathonsun
Jongmin Lim,Australia,,2016,IMO,https://au.linkedin.com/in/jongmin-lim-414609239
Joon Young Seo,United States,University of Illinois at Urbana-Champaign,2015,ICPC,https://www.linkedin.com/in/joon-young-seo-010aab82
Jordan Lefkowitz,United States,,2024,IMO,
Jose Carlos Vera-Garza,United States,Rice University,2016,ICPC,https://www.linkedin.com/in/gala-snodgrass
Joseph Benton,United Kingdom,,2017,IOI,https://www.linkedin.com/in/joseph-benton-7084a7174
Joseph Durie,United States,Rutgers University,2022,ICPC,https://www.linkedin.com/in/jdurie
Joseph Grace,New Zealand,,2020,IOI,
Joseph Luo,Australia,UNSW Sydney,2024,ICPC,https://au.linkedin.com/in/zizhuo-joe-luo-2a3b20250
Joseph McKinsey,United States,Colorado School of Mines,2019,ICPC,https://www.linkedin.com/in/joseph-mckinsey-356195146
Joseph Woodson,United States,Washington University in St. Louis,2017,ICPC,https://www.linkedin.com/in/joey-woodson-68b869a3
Joshua Alman,United States,Stanford University,2016,ICPC,https://www.linkedin.com/in/josh-alman
Joshua Chen,Australia,,2022,IOI,https://www.linkedin.com/in/joshuawchen
Joshua Fair,United States,University of Central Florida,2020,ICPC,https://www.linkedin.com/in/joshua-fair-99634112a
Joshua Lau,Australia,The University of New South Wales,2016,ICPC,https://au.linkedin.com/in/joshua-lau-junkbot
Joshua Linge,United States,University of Central Florida,2017,ICPC,https://www.linkedin.com/in/joshua-linge-b0633b100
Joël Benjamin Huber,United Kingdom,University of Cambridge,2024,ICPC,https://ch.linkedin.com/in/johutha
Jun Xing Go,United States,University of Washington,2024,ICPC,https://www.linkedin.com/in/jun-xing-go
JunYang (Michael) Ma,New Zealand,,2023,IMO,https://www.linkedin.com/in/michael-junyang-ma
Jung Tao Cheng,United States,Stanford University,2024,ICPC,https://www.linkedin.com/in/jung-ho-choi-1b02721b
Junhua Chen,Australia,,2020,IOI,https://au.linkedin.com/in/junhua-chen-548669202
Junwen Tan,United States,University of Michigan at Ann Arbor,2021,ICPC,https://www.linkedin.com/in/junwen-xiao
Junyao Peng,United States,,2017,IMO,https://cn.linkedin.com/in/junyao-peng-13350521
Kacper Walentynowicz,United Kingdom,University of Cambridge,2020,ICPC,https://uk.linkedin.com/in/kpw29
Kai Sun,Canada,,2016,IMO,https://www.linkedin.com/in/kai-sun-8825a662
Kaidi Yan,United States,Stanford University,2015,ICPC,https://www.linkedin.com/in/kaidi-yan-01074b6b
Kaiheng Dai,United States,Columbia University,2022,ICPC,https://www.linkedin.com/in/kaiheng-dai-88a0b6140
Kaixin Wang,Canada,,2023,IMO,https://www.linkedin.com/in/kaixin-wang-3416731b2
Kaiyuan Liu,United States,University of Washington,2024,ICPC,https://www.linkedin.com/in/kaiyuan-liu-7580bb342
Kalina Petrova,United States,Princeton University,2017,ICPC,https://ch.linkedin.com/in/petrovakalina
Kangmin Tan,United States,University of Southern California,2020,ICPC,
Kangning Wang,United States,Duke University,2019,ICPC,https://www.linkedin.com/in/kangning-wang
Karl Augsten,Canada,University of Calgary,2015,ICPC,
Keiran Lewellen,New Zealand,,2018,IMO,https://www.linkedin.com/in/keiranlewellen
Kenneth Schiller,United States,Carleton College,2015,ICPC,https://www.linkedin.com/in/kenschiller
Kevin  Min,Canada,,2022,IMO,https://www.linkedin.com/in/kevin-min-620b90226
Kevin Cong,United States,,2022,IMO,https://www.linkedin.com/in/kevin-cong-5222055a
Kevin Lee,United Kingdom,,2020,IOI,https://www.linkedin.com/in/variousventures
Kevin Min,Canada,,2021,IMO,https://www.linkedin.com/in/kevin-min-620b90226
Kevin Shen,New Zealand,,2016,IMO,https://www.linkedin.com/in/shenkevinq
Kevin Sun,Canada,,2016,IMO,https://www.linkedin.com/in/kevin-y-sun
Kevin Sun,United States,Massachusetts Institute of Technology,2019,ICPC,https://ca.linkedin.com/in/kevin-sun-a99a84204
Kevin Tran,Australia,The University of New South Wales,2015,ICPC,https://au.linkedin.com/in/kevin-tran-5aa969232?trk=public_profile_browsemap
Kevin Wan,Canada,University of Waterloo,2019,ICPC,https://www.linkedin.com/in/lyestria
Kevin Xian,Australia,,2016,IMO,https://www.linkedin.com/in/kevin-xian-78ba1a1b9
Kevin Yang,United States,Columbia University,2024,ICPC,https://www.linkedin.com/in/kevin-yang8803
Keyhan Vakil,United States,University of California at Berkeley,2017,ICPC,
Khang Phan,United States,University of Nebraska - Lincoln,2019,ICPC,https://sg.linkedin.com/in/nhat-khang-phan-a5401210b
Konstantin Miagkov,United States,University of California Los Angeles,2017,ICPC,https://www.linkedin.com/in/konstantin-miagkov-164396197
Krishna Pothapragada,United States,,2024,IMO,
Krittisak Chaiyakul,United States,University of Wisconsin - Madison,2017,ICPC,https://www.linkedin.com/in/krittisak
Kurtis Van Gent,United States,The University of South Dakota,2017,ICPC,https://www.linkedin.com/in/kurtisvg
Lan Dao,United States,University of Illinois at Urbana-Champaign,2019,ICPC,https://www.linkedin.com/in/lan-dao-414289127
Lawrence Hollom,United Kingdom,,2016,IMO,https://uk.linkedin.com/in/lawrence-hollom-3b1b6a22b
Lawrence Wu,United States,University of Michigan at Ann Arbor,2018,ICPC,
Lawry Sorenson,United States,Brigham Young University,2023,ICPC,https://www.linkedin.com/in/lawrysorenson
Leo Feng,Canada,,2017,IOI,
Liam Hill,United Kingdom,,2019,IMO,https://www.linkedin.com/in/liam-hill-a2a6a2247
Liam Machado,United States,University of Utah,2016,ICPC,https://www.linkedin.com/in/alexandramuir
Liang Lyu,United States,Duke University,2020,ICPC,https://www.linkedin.com/in/liang-charles-lyu
Liangjian Chen,United States,University of California Irvine,2017,ICPC,https://www.linkedin.com/in/liangjian-chen-9b3a87b9
Lingxiao Li,United States,Stanford University,2015,ICPC,https://www.linkedin.com/in/lingxiao-li-68376060
Linhan Yu,United States,Carnegie Mellon University,2023,ICPC,https://www.linkedin.com/in/lijun-yu
Linus Cooper,Australia,,2017,IMO,
Linus Tang,United States,,2024,IMO,https://www.linkedin.com/in/linus-yifeng-tang-97a90b332
Loc Bui,United States,University of Rochester,2021,ICPC,https://www.linkedin.com/in/loc-bui
Luca Araujo,United States,Carleton College,2023,ICPC,https://www.linkedin.com/in/luca-dantas
Lucas Knutson,United States,University of Minnesota - Twin Cities,2016,ICPC,https://www.linkedin.com/in/lucas-knutson-563605172
Lucas Xia,United States,University of California Los Angeles,2021,ICPC,
Lucca Siaudzionis,Canada,University of British Columbia,2018,ICPC,https://www.linkedin.com/in/luccasiau
Luhang Lai,United States,University of California at Berkeley,2015,ICPC,https://www.linkedin.com/in/liheng-lai-b2b7b91b5
Lukas Michel,United Kingdom,University of Oxford,2021,ICPC,https://uk.linkedin.com/in/lukas-michel
Luke Robitaille,United States,,2022,IMO,https://www.linkedin.com/in/luke-robitaille-7a0a34292
Luke Videckis,United States,South Dakota School of Mines and Technology,2019,ICPC,
Maayan Levy,New Zealand,,2020,IOI,https://www.linkedin.com/in/maayanlevy
Mahsa Derakhshan,United States,University of Maryland,2017,ICPC,
Maja Trela,United Kingdom,University of Cambridge,2020,ICPC,https://uk.linkedin.com/in/maja-trela-75a216172
Marcus Upton,United States,Messiah College,2015,ICPC,https://www.linkedin.com/in/nancy-rosoff-2317714
Marian Dietz,Canada,University of Waterloo,2022,ICPC,
Marielle Foster,United States,Carleton College,2015,ICPC,https://ca.linkedin.com/in/marielle-s-7b001a198?trk=public_profile_browsemap
Mark Wen,United States,The University of Texas at Austin,2024,ICPC,https://www.linkedin.com/in/markhwen
Marko Stanković,United Kingdom,University of Cambridge,2018,ICPC,https://uk.linkedin.com/in/markost
Mars Xiang,Canada,,2023,IOI,https://ca.linkedin.com/in/mars-xiang
Martin Anjie Luk,New Zealand,,2015,IMO,https://ke.linkedin.com/in/alain-sivyolo-374a11109
Marvin Mao,Canada,,2024,IMO,
Matej Urban,United Kingdom,University of Cambridge,2024,ICPC,https://sk.linkedin.com/in/matej-urban-705175216
Matt Cotter,United States,Carleton College,2015,ICPC,https://www.linkedin.com/in/mattwc
Matthew Agar,Canada,University of Toronto,2023,ICPC,https://www.linkedin.com/in/matthew-agar-684a06179
Matthew Baldin,United States,Colorado School of Mines,2019,ICPC,
Matthew Cheah,Australia,,2017,IMO,https://www.linkedin.com/in/matthew-cheah-9354a2249
Matthew Dyke,United States,South Dakota School of Mines and Technology,2017,ICPC,https://www.linkedin.com/in/matthewdyke
Matthew Gharrity,United States,Cornell University,2017,ICPC,https://www.linkedin.com/in/gharrma
Matthew Hillman,United Kingdom,,2016,IOI,https://www.linkedin.com/in/mr-hillman
Matthew Savage,United States,Carnegie Mellon University,2019,ICPC,https://www.linkedin.com/in/savagemat
Matthew Schallenkamp,United States,South Dakota School of Mines and Technology,2018,ICPC,https://www.linkedin.com/in/matthewschallenkamp
Matthew Tran,United States,Texas A&M University,2021,ICPC,https://www.linkedin.com/in/matthew-tran-b3506a196
Max Jiang,Canada,University of Waterloo,2024,ICPC,https://ca.linkedin.com/in/max-jiang
Max Ward-Graham,Australia,The University of Western Australia,2016,ICPC,https://au.linkedin.com/in/max-ward-661617151
Maxim Li,United States,,2021,IMO,https://www.linkedin.com/in/maxtli
Maximus Lu,United States,,2023,IMO,
Maxwell He,Canada,,2024,IOI,
Maxwell Zen,United States,Harvard University,2024,ICPC,https://www.linkedin.com/in/maxwell-zen
Maxwell Zhang,United States,Georgia Institute of Technology,2023,ICPC,https://www.linkedin.com/in/maxwellrzhang
Menghui Wang,United States,University of Wisconsin - Madison,2015,ICPC,
Micah Stairs,Canada,Mount Allison University,2017,ICPC,https://ca.linkedin.com/in/micah-stairs
Michael Chen,Australia,,2015,IOI,https://www.linkedin.com/in/chenhmike
Michael Kirsche,United States,University of Central Florida,2016,ICPC,
Michael Kural,United States,,2016,IMO,https://www.linkedin.com/in/michael-kural-477270131
Michael Li,Canada,,2020,IMO,https://www.linkedin.com/in/limichael
Michael Martis,Australia,The University of Western Australia,2015,ICPC,https://au.linkedin.com/in/mjmartis
Michael Nematollahi,Canada,University of Toronto,2021,ICPC,https://www.linkedin.com/in/michael-nematollahi
Michael Pang,Canada,,2015,IMO,https://www.linkedin.com/in/michael-pang-cs
Michael Pfeifer,United States,South Dakota School of Mines and Technology,2019,ICPC,https://www.linkedin.com/in/michael-pfeifer-231870b6
Michael Ren,United States,,2018,IMO,https://www.linkedin.com/in/mren16
Michael Zhao,Australia,University of Melbourne,2022,ICPC,https://hk.linkedin.com/in/michaelzhaoo
Michelle Chen,Australia,,2016,IMO,https://www.linkedin.com/in/michellemchen
Mihai Andreescu,United States,University of Chicago,2016,ICPC,
Mihai Popa,United Kingdom,Imperial College London,2016,ICPC,https://uk.linkedin.com/in/mihai-popa-01502ba6
Mihail Jianu,United Kingdom,University of Oxford,2017,ICPC,https://ch.linkedin.com/in/mihailjianu
Mihir Anand Singhal,United States,,2018,IMO,https://www.linkedin.com/in/mihirsinghal
Mijia Jiang,United States,University of Minnesota - Twin Cities,2015,ICPC,https://www.linkedin.com/in/mijiajiang
Mikaeel Shah,United Kingdom,,2024,IMO,https://uk.linkedin.com/in/mikaeel-shah-a37a422a0
Mike Nguyen,United States,The University of Texas at Dallas,2023,ICPC,https://www.linkedin.com/in/mikenguyen7268
Miles Conway,Australia,,2023,IOI,https://www.linkedin.com/in/miles-dylan-conway-64599ba
Miles Yee-Cheng Lee,New Zealand,,2016,IMO,https://my.linkedin.com/in/lee-yee-cheng-238994118
Milin Kodnongbua,United States,University of Washington,2022,ICPC,
Ming Yang,Canada,,2024,IMO,https://uk.linkedin.com/in/ming-yang-579b28202
Mingrui Liu,United States,University of Wisconsin-Madison,2022,ICPC,https://www.linkedin.com/in/mingrui-liu-874a08201
Mingyang Deng,United States,Massachusetts Institute of Technology,2022,ICPC,https://www.linkedin.com/in/mingyang-deng-382278236
Minh Nguyen,United States,Purdue University,2022,ICPC,https://vn.linkedin.com/in/tony-minh-nguyen
Miraziz Yusupov,United States,Virginia Tech,2015,ICPC,https://www.linkedin.com/in/miraziz
Misha Ivkov,United States,Stanford University,2023,ICPC,https://www.linkedin.com/in/misha-ivkov-41ab54110
Mitchell Peterson,United States,The University of South Dakota,2017,ICPC,https://www.linkedin.com/in/mitchell-peterson-611b29128
Mohammad Amin Ghiasi,United States,University of Maryland,2018,ICPC,https://www.linkedin.com/in/mohammad-amin-ghiasi
Mohammad Huda,Australia,The University of New South Wales,2018,ICPC,https://au.linkedin.com/in/mohammad-huda-98415995
Mohit Hulse,United Kingdom,,2022,IMO,
Morgan Redshaw,Canada,University of Alberta,2017,ICPC,https://uk.linkedin.com/in/morganredshaw
Moses Mayer,United States,Harvard University,2020,ICPC,https://www.linkedin.com/in/moses-mayer
Muthukurisil Arivoli,United States,Duke University,2020,ICPC,https://www.linkedin.com/in/muthukurisil-arivoli-76a4811a2
Naixin Zong,United States,Texas A&M University,2021,ICPC,
Naomi Rubin,United States,Carnegie Mellon University,2016,ICPC,https://www.linkedin.com/in/naomi-rubin-2910882b5
Natalie Longtin,United States,University of Central Florida,2023,ICPC,https://www.linkedin.com/in/natalielongtin
Nathan Chaney,United States,Messiah College,2015,ICPC,https://www.linkedin.com/in/nrchaney
Nathan De Graaf,United States,Iowa State University,2016,ICPC,https://www.linkedin.com/in/nathandegraaf
Nathan Fenner,United States,University of Michigan at Ann Arbor,2018,ICPC,https://www.linkedin.com/in/blockwork
Nathan Harold,United States,Cedarville University,2017,ICPC,https://www.linkedin.com/in/nathan-harold-5aa64a130
Nathaniel Masfen-Yan,New Zealand,,2020,IMO,https://www.linkedin.com/in/nathaniel-masfen-yan-99701417b
Nathanon Akkaraphab,United States,University of Washington,2022,ICPC,https://th.linkedin.com/in/nathan-akkaraphab
Neel Nanda,United Kingdom,,2017,IMO,https://uk.linkedin.com/in/neel-nanda%F0%9F%94%B8-993580151
Netanya Robinson,Australia,University of Melbourne,2022,ICPC,https://il.linkedin.com/in/dean-robinson-a1aa50182?trk=public_profile_browsemap_profile-result-card_result-card_full-click
Nicholas Belov,United States,Rutgers University,2024,ICPC,https://www.linkedin.com/in/nick-belov
Nicholas Grace,New Zealand,,2022,IOI,https://www.linkedin.com/in/nicholas-grace-5b173b78
Nicholas McKinlay,New Zealand,,2024,IMO,https://ch.linkedin.com/in/nicholas-mckinlay-9087836
Nicholas O'Callaghan,Australia,The University of Western Australia,2019,ICPC,https://au.linkedin.com/in/nicholasocallaghan
Nicholas Sharp,United States,Virginia Tech,2015,ICPC,https://www.linkedin.com/in/nisharp
Nicholas Sun,Canada,,2018,IMO,https://www.linkedin.com/in/ngsun
Nicholas Winschel,United States,University of Virginia,2024,ICPC,https://www.linkedin.com/in/nicholas-winschel
Nick Merritt,United States,Rice University,2015,ICPC,https://www.linkedin.com/in/nicholas-merritt-b26086b3
Nikil Roashan Selvam,United States,University of California Los Angeles,2023,ICPC,https://www.linkedin.com/in/nikilselvam
Nikola Danevski,United States,University of Rochester,2020,ICPC,https://www.linkedin.com/in/danevskinikola
Nikolas Anderson,United States,University of Chicago,2016,ICPC,https://www.linkedin.com/in/nicolas-anderson-aia-145729a
Nishant Bhakar,United States,"University of California, Berkeley",2023,ICPC,https://www.linkedin.com/in/nishant412
Nitit Jongsawatsataporn,United States,University of Wisconsin - Madison,2020,ICPC,https://ca.linkedin.com/in/nitit-jongsawatsataporn-043220146
Noah Walsh,United States,,2021,IMO,https://www.linkedin.com/in/noah-walsh-754252263
Noah Weninger,Canada,University of Alberta,2017,ICPC,https://ca.linkedin.com/in/noah-janzen-03bab6103
Noble Mushtak,United States,Northeastern University,2021,ICPC,https://www.linkedin.com/in/noble-mushtak
Ojas Gulati,United Kingdom,,2022,IOI,
Oliver Fisher,Australia,The University of New South Wales,2018,ICPC,https://www.linkedin.com/in/oliver-fisher-409979b7
Oliver Flatt,United States,University of Utah,2020,ICPC,https://www.linkedin.com/in/oflatt
Omkar Bhalerao,United States,Cornell University,2024,ICPC,https://www.linkedin.com/in/opb7
Pasha Khosravi,United States,University of California Irvine,2017,ICPC,https://www.linkedin.com/in/khosravipasha
Pasin Manurangsi,United States,University of California at Berkeley,2016,ICPC,https://th.linkedin.com/in/pasin30055
Peiliang Liu,United States,New York University,2023,ICPC,https://www.linkedin.com/in/peiliang-liu-94204449
Peilin Zhong,United States,Columbia University,2018,ICPC,https://cn.linkedin.com/in/peilin-zhong-3740a782
Pengda Xiang,United States,University of Southern California,2019,ICPC,https://www.linkedin.com/in/pengda-xiang-20a81410a
Pengning Chao,United States,Washington University in St. Louis,2017,ICPC,https://www.linkedin.com/in/pengning-chao-81598070
Pengsen Mao,Australia,UNSW Sydney,2021,ICPC,https://au.linkedin.com/in/pengsen-richard-mao-39b7231a2
Peter Jin,United States,Purdue University,2022,ICPC,https://www.linkedin.com/in/peterjin25
Peter Kwak,United States,The University of Texas at Dallas,2020,ICPC,https://www.linkedin.com/in/peter-kwak-8849b31ba
Peter Steele,United States,Virginia Tech,2017,ICPC,https://www.linkedin.com/in/peter-steele-626929121
Peter Whalan,Australia,Monash University,2017,ICPC,https://au.linkedin.com/in/peter-whalan-182055a1
Peter Zhou,New Zealand,,2024,IOI,https://www.linkedin.com/in/peterzhou
Phawin Prongpaophan,United States,University of Washington,2022,ICPC,https://www.linkedin.com/in/phawin-prongpaophan-14155315a
Philip Anderson,New Zealand,,2015,IOI,https://www.linkedin.com/in/philip-anderson-9b51b153
Philip Taffet,United States,Rice University,2016,ICPC,https://www.linkedin.com/in/philip-taffet-001b20113
Phillip Han,New Zealand,,2021,IMO,https://www.linkedin.com/in/phillip-han-34861978
Phoebe Zhang,New Zealand,,2023,IOI,https://www.linkedin.com/in/phoebezhang
Phu Binh Nguyen,Canada,The University of British Columbia,2024,ICPC,https://vn.linkedin.com/in/ngpin04
Phuc Nguyen,Australia,University of Melbourne,2023,ICPC,
Posdarascu Eugenie Daniel,United Kingdom,Imperial College London,2016,ICPC,https://uk.linkedin.com/in/alexandru-dan-58962710b
Pranay Tankala,United States,Harvard University,2019,ICPC,https://in.linkedin.com/in/pranay-tankala-7505a1258
Preet Patel,Australia,,2019,IMO,https://www.linkedin.com/in/preet-patel-37b91448
Prince Michael Balanay,New Zealand,,2015,IMO,https://nz.linkedin.com/in/prince-michael-balanay-19a221137
Qi Qi,Canada,,2017,IMO,https://www.linkedin.com/in/qi-qi-6b875414a
Qiao Zhang,United States,,2024,IMO,https://www.linkedin.com/in/qiaozhanglinkedin
Qingchuan Zhang,New Zealand,The University of Auckland,2019,ICPC,https://cn.linkedin.com/in/qingchuan-sam-zhang
Qinmao Zhang,United States,Rose-Hulman Institute of Technology,2018,ICPC,https://www.linkedin.com/in/fredzqm
Qiushi Chen,New Zealand,,2022,IOI,https://www.linkedin.com/in/qiushichen
Quang Anh Trinh,Australia,University of Melbourne,2023,ICPC,https://au.linkedin.com/in/tqa3001
Quang Ong,Australia,University of Melbourne,2020,ICPC,https://au.linkedin.com/in/quang-ong-19825a196
Quanlin Chen,United States,,2021,IMO,https://www.linkedin.com/in/quanlin-chen-2267b313
Rachel Krohn,United States,South Dakota School of Mines and Technology,2016,ICPC,https://www.linkedin.com/in/davidsellars33
Radostin Chonev,United Kingdom,University of Oxford,2022,ICPC,https://uk.linkedin.com/in/radostin-chonev-4a714a206
Rafael Marinheiro,United States,Cornell University,2015,ICPC,https://ie.linkedin.com/in/rafaelmarinheiro
Rafail Ketsetsidis,United States,Harvard University,2018,ICPC,
Rahim Mammadli,Canada,The University of British Columbia,2021,ICPC,
Ram Goel,United States,,2022,IMO,https://www.linkedin.com/in/ram-goel-5a662320a
Ramasai Tadepalli,United States,University of Maryland,2018,ICPC,https://www.linkedin.com/in/ramasai
Ramazan Rakhmatullin,Canada,University of Waterloo,2023,ICPC,https://ca.linkedin.com/in/grumpy-gordon
Ramchandra Apte,United States,University of Michigan at Ann Arbor,2021,ICPC,https://www.linkedin.com/in/ramchandraapte
Ray Li,Australia,The University of New South Wales,2018,ICPC,https://au.linkedin.com/in/ray-li-4529991a3
Raymond Kang,United States,Carnegie Mellon University,2018,ICPC,https://sg.linkedin.com/in/raymond-kang-26656ba0
Renato Ferreira Pinto Junior,Canada,University of Waterloo,2018,ICPC,https://ca.linkedin.com/in/renato-ferreira-69b4734b
Richard Gong,Australia,,2017,IOI,https://www.linkedin.com/in/rgong
Richard Li,United States,Purdue University,2023,ICPC,https://www.linkedin.com/in/richzli
Richard Wang,United States,University of Virginia,2024,ICPC,https://www.linkedin.com/in/richard-wang-778522193
Rick Han,New Zealand,,2021,IMO,https://www.linkedin.com/in/yuanfenghan
Ridge Shrubsall,Australia,The University of Western Australia,2018,ICPC,https://uk.linkedin.com/in/ridgeshrubsall
Riley Borgard,United States,Purdue University,2021,ICPC,https://www.linkedin.com/in/riley-borgard
Rishi Sankar,United States,University of California Los Angeles,2023,ICPC,https://www.linkedin.com/in/rishisankar1112
Rodrigo Ornelas Vargas,United States,University of Pennsylvania,2017,ICPC,
Rosie Cates,United Kingdom,,2017,IMO,
Rowan Lee,United Kingdom,,2015,IOI,
Ruichao Chen,United States,University of California at Berkeley,2017,ICPC,https://www.linkedin.com/in/ruichao-ren-phd-17a2649
Ruihan Shan,United States,University of Illinois at Urbana-Champaign,2015,ICPC,https://www.linkedin.com/in/ruihan-shan-51a90687
Ruiming Xiong,Canada,,2017,IMO,https://ca.linkedin.com/in/rui-ming-xiong-17087b168
Ruixin Qiang,United States,University of Southern California,2015,ICPC,https://www.linkedin.com/in/ruixin-qiang-16443aaa
Ruiying Wu,Australia,,2021,IMO,https://www.linkedin.com/in/ruiying-wu
Ruizhou Yang,Canada,,2017,IMO,https://uk.linkedin.com/in/ruizhou-steven-yang-388a7317a
Runze Wang,United States,Swarthmore College,2024,ICPC,https://www.linkedin.com/in/runze-wang-51a077165
Ruohong Zhang,United States,Northwestern University,2017,ICPC,https://www.linkedin.com/in/ruohong-zhang-17b9391b3
Ruoshi Dai,United States,The University of Texas at Austin,2022,ICPC,https://www.linkedin.com/in/ruoshi-dai-ab36b5242?trk=public_profile_browsemap
Ryan Alweiss,United States,,2015,IMO,https://www.linkedin.com/in/ryan-i-053505184
Ryan Bai,Canada,,2024,IMO,
Ryan King,New Zealand,,2018,IOI,https://www.linkedin.com/in/ryanaking
Ryan Rice,United States,The University of Texas at Austin,2019,ICPC,https://www.linkedin.com/in/ryanr1230
Ryan Wang,Australia,,2019,IOI,https://www.linkedin.com/in/ryanywang
Saathvik Selvan,United States,"University of California, Berkeley",2023,ICPC,https://www.linkedin.com/in/saathvik-selvan
Sakethnath Are,United States,Cornell University,2016,ICPC,https://www.linkedin.com/in/saketh-are
Salih Bera Sogut,Canada,McGill University,2021,ICPC,https://ca.linkedin.com/in/berasogut
Sam Bealing,United Kingdom,,2018,IMO,https://www.linkedin.com/in/sam-bealing-cfa-01b04598
Sam Griffiths,United Kingdom,,2024,IMO,https://www.linkedin.com/in/samgriff
Sam Heil,United States,Washington University in St. Louis,2018,ICPC,https://www.linkedin.com/in/sam-heil-077692149
Sampriti Panda,United States,Drexel University,2019,ICPC,
Samuel Dobson,New Zealand,The University of Auckland,2019,ICPC,
Samuel Kittle,United Kingdom,,2015,IMO,
Samuel Liew,United Kingdom,,2021,IMO,
Samuel Reinehr,United States,Colorado School of Mines,2019,ICPC,https://www.linkedin.com/in/sam-reinehr-90a990159
Samuel Sturge,United Kingdom,,2024,IMO,https://www.linkedin.com/in/samuel-sturge-b37131205
Samuel Trajtenberg,United Kingdom,,2024,IOI,https://uk.linkedin.com/in/samueltrajtenberg
Samuel Zachary,United States,University of Utah,2020,ICPC,https://www.linkedin.com/in/samuel-zach-104627128
Sauyon Lee,United Kingdom,University of Oxford,2017,ICPC,https://hk.linkedin.com/in/janet-y-t-chung-0baa6186
Scott Shi,United States,University of Chicago,2016,ICPC,https://www.linkedin.com/in/scott-shi-631707186
Scott Wu,United States,Harvard University,2016,ICPC,https://www.linkedin.com/in/scott-wu-8b94ab96
Sean Liu,United States,University of Illinois at Urbana-Champaign,2022,ICPC,https://www.linkedin.com/in/zhxnliu
Sean Purcell,Canada,University of Waterloo,2019,ICPC,https://ca.linkedin.com/in/scppurcell
Seba Villalobos,United States,University of Central Florida,2022,ICPC,https://www.linkedin.com/in/seba-villalobos-673a95145
Sebastian Jeon,Canada,,2019,IMO,https://www.linkedin.com/in/sjeon00
Seung Je Jung,New Zealand,,2016,IOI,
Seyoon Ragavan,Australia,,2016,IMO,https://www.linkedin.com/in/seyoon-ragavan
Shang Zhou,United States,University of California San Diego,2024,ICPC,https://www.linkedin.com/in/shang-zhou-70457735b
Shaun Marshall,United Kingdom,,2018,IOI,
Shayan Chashm Jahan,United States,University of Maryland,2024,ICPC,https://www.linkedin.com/in/shayan-chashm-jahan-32b4a2216
Sherman Yip,United Kingdom,,2020,IMO,https://hk.linkedin.com/in/sherman-yip-4625a2201
Shirui Chen,United States,University of Wisconsin - Madison,2019,ICPC,https://www.linkedin.com/in/shirui-c-8b1b8b137
Shuhao Tan,United States,University of Maryland,2017,ICPC,https://www.linkedin.com/in/shuhao-fu-086829104
Shunping Xie,United States,University of Illinois at Urbana-Champaign,2018,ICPC,https://www.linkedin.com/in/shunping-xie
Shyam Narayanan,United States,,2015,IMO,https://www.linkedin.com/in/shyamsnarayanan
Sichao Yang,United States,University of Wisconsin - Madison,2018,ICPC,https://www.linkedin.com/in/changtian-sun
Sida Li,United Kingdom,,2023,IMO,https://www.linkedin.com/in/sida-li-35729698
Siddhartha Jayanti,United States,Princeton University,2015,ICPC,https://www.linkedin.com/in/siddhartha-jayanti-%E0%B0%B8%E0%B0%BF%E0%B0%A6%E0%B1%8D%E0%B0%A7%E0%B0%BE%E0%B0%B0%E0%B1%8D%E0%B0%A5-%E0%B0%9C%E0%B0%AF%E0%B0%82%E0%B0%A4%E0%B0%BF-a31b27271
Sina Dehghani,United States,University of Maryland,2015,ICPC,
Siqiu Yao,United States,Cornell University,2018,ICPC,https://www.linkedin.com/in/siqiu-yao-aa8218199
Siwakorn Srisakaokul,United States,University of Illinois at Urbana-Champaign,2016,ICPC,https://th.linkedin.com/in/siwakorn-srisakaokul-85668541
Siyong Huang,United States,Massachusetts Institute of Technology,2023,ICPC,https://www.linkedin.com/in/siyong-huang-59a264221
Siyuan Cai,United States,Northwestern University,2015,ICPC,https://www.linkedin.com/in/siyuan-cai-b85a4983
Sizhe Pan,Australia,,2023,IMO,https://au.linkedin.com/in/sizhe-pan-00191b2b4
Soheil Ehsani Banafati,United States,University of Maryland,2015,ICPC,https://www.linkedin.com/in/soheil-ehsani
Songwong Tasneeyapant,United States,University of Wisconsin - Madison,2017,ICPC,https://www.linkedin.com/in/songwong
Sparsh Sanchorawala,United States,New York University,2023,ICPC,https://www.linkedin.com/in/spar5h
Spencer Compton,United States,Stanford University,2020,ICPC,https://www.linkedin.com/in/spencer-stanford
Spencer Smith,United States,Brigham Young University,2023,ICPC,https://www.linkedin.com/in/spencer-smith2003
Stacey Tian,New Zealand,,2017,IMO,https://www.linkedin.com/in/stacey-tian-b05533195
Stanisław Strzelecki,United States,University of California San Diego,2024,ICPC,https://www.linkedin.com/in/stanislaw-strzelecki-526bb385
Stanley Wei,United States,The University of Texas at Austin,2022,ICPC,https://www.linkedin.com/in/stanley-wei-99ab98199
Stefan Buliga,United Kingdom,University of Oxford,2021,ICPC,https://uk.linkedin.com/in/stefan-constantin-buliga-a4a7011b8
Stephen Royal,United States,University of Central Florida,2016,ICPC,https://www.linkedin.com/in/stephen-royal-457b7135
Steven Hao,United States,Massachusetts Institute of Technology,2016,ICPC,https://www.linkedin.com/in/steven-hao-160b9638
Suchir Balaji,United States,University of California at Berkeley,2018,ICPC,https://www.linkedin.com/in/suchirbalaji
Supawit Chockchowwat,United States,The University of Texas at Austin,2019,ICPC,https://www.linkedin.com/in/supawit-chockchowwat
Suraj Mathashery,United States,The University of Texas at Dallas,2023,ICPC,https://www.linkedin.com/in/suraj-mathashery-1b1396234
Swapnil Garg,United States,"University of California, Berkeley",2023,ICPC,
Szu-Po Wang,United States,Massachusetts Institute of Technology,2015,ICPC,https://www.linkedin.com/in/szu-po-wang-90190150
Tamio-Vesa Nakajima,United Kingdom,University of Oxford,2018,ICPC,
Tanapoom Laoaron,United States,University of Wisconsin-Madison,2021,ICPC,https://th.linkedin.com/in/tanapoom-laoaron-21a5851aa
Tanner Hoke,United States,Texas A&M University,2021,ICPC,
Tao He,Australia,UNSW Sydney,2023,ICPC,https://au.linkedin.com/in/tao-he-89169a255
Taokun Zheng,United States,California Institute of Technology,2016,ICPC,https://www.linkedin.com/in/xanderzheng
Tautvydas Jasiūnas,United Kingdom,University of Cambridge,2022,ICPC,
Te Zhang,United States,Ohio State University,2016,ICPC,https://www.linkedin.com/in/zhanghang168
Temmie Yao,Australia,UNSW Sydney,2021,ICPC,
Tenghao Li,United States,Cornell University,2024,ICPC,https://www.linkedin.com/in/tenghao-li-186a46230/en?trk=people-guest_people_search-card
Theodore Vickery,Australia,The University of Western Australia,2019,ICPC,https://au.linkedin.com/in/theo-vickery-b795a617b
Thien Udomsrirungruang,United Kingdom,University of Oxford,2024,ICPC,https://uk.linkedin.com/in/thienudomsrirungruang
Thien-Trung Vuong,Canada,McGill University,2021,ICPC,https://www.linkedin.com/in/ashton-sun-a17551a9
Thomas Draper,United States,Brigham Young University,2023,ICPC,https://www.linkedin.com/in/thomasleedraper
Thomas Guo,Canada,,2021,IMO,https://ca.linkedin.com/in/thomas-guo-923374213
Thomas Guo,United States,Massachusetts Institute of Technology,2023,ICPC,https://ca.linkedin.com/in/thomas-guo-923374213
Thomas Kavanagh,United Kingdom,,2023,IMO,https://www.linkedin.com/in/tgkavanagh
Thomas Li,United States,University of California San Diego,2023,ICPC,https://www.linkedin.com/in/tomxqli
Thomas Lidbetter,Canada,Mount Allison University,2017,ICPC,https://uk.linkedin.com/in/paul-robbins-8bb88088
Thomas Neill,United States,University of California Irvine,2024,ICPC,https://www.linkedin.com/in/thomas-neill-038b65224
Thomas Read,United Kingdom,,2017,IOI,https://www.linkedin.com/in/thomashread
Thomas Yang,United States,Rutgers University,2024,ICPC,https://www.linkedin.com/in/thomas-yang-5b38781ba
Tianci Wang,United States,University of Michigan at Ann Arbor,2017,ICPC,https://www.linkedin.com/in/tianci-l-553572132
Tianwei Xu,United States,University of Illinois at Urbana-Champaign,2018,ICPC,https://www.linkedin.com/in/tianwei-xu
Tianyi Chen,United States,University of Southern California,2020,ICPC,https://www.linkedin.com/in/tianyichen2
Tianze Jiang,United States,,2020,IMO,https://www.linkedin.com/in/tianze-jiang-b5b761196
Timmy Yao,Australia,,2019,IOI,
Timothy Buzzelli,United States,University of Central Florida,2018,ICPC,https://www.linkedin.com/in/timothy-buzzelli-228015175
Timothy Mou,United States,Swarthmore College,2024,ICPC,https://www.linkedin.com/in/timothy-mou-7447001b0
Timothy Smith,United States,Cedarville University,2015,ICPC,https://www.linkedin.com/in/timothysmithii
Toby Collins,United Kingdom,,2022,IOI,
Todor Markov,United States,Illinois Institute of Technology,2016,ICPC,https://bg.linkedin.com/in/todor-markov
Tom Hillman,United Kingdom,,2019,IMO,https://www.linkedin.com/in/tom-hillman-4345b91b0
Tommy Walker Mackay,United Kingdom,,2020,IMO,https://www.linkedin.com/in/celebrationentertainment1996
Tong Li,United States,University of Illinois at Urbana-Champaign,2017,ICPC,https://www.linkedin.com/in/li-tong-22a50757
Tony Yuzheng Wu,Australia,,2022,IMO,https://www.linkedin.com/in/tony-wu-595bb5294
Trevor Boone,United States,Iowa State University,2015,ICPC,https://www.linkedin.com/in/trevboone
Trieu Hung Tran,United States,University of Nebraska - Lincoln,2019,ICPC,https://www.linkedin.com/in/tthung1997
Trung Dang,United States,Purdue University,2023,ICPC,https://www.linkedin.com/in/trung-dang-679573187
Tsingying Xu,Australia,UNSW Sydney,2024,ICPC,
Tunan Shi,Australia,,2020,IOI,https://uk.linkedin.com/in/tunan-shi-5b5bb0209
Tuong Le,United States,University of Michigan at Ann Arbor,2024,ICPC,https://www.linkedin.com/in/tuong-le-447589241
Tyler Brazill,United States,University of Central Florida,2015,ICPC,https://www.linkedin.com/in/todd-brazill-a12a6210
Tyler Uhlenkamp,United States,Iowa State University,2015,ICPC,https://www.linkedin.com/in/tyler-uhlenkamp-2637b061
Vedant Kumud,United States,"University of California, Berkeley",2024,ICPC,https://www.linkedin.com/in/satyammehta
Victor Chen,Canada,University of British Columbia,2020,ICPC,https://ca.linkedin.com/in/cvic
Victor Coen,New Zealand,,2024,IOI,
Victor Cyril L Lecomte,United States,Columbia University,2019,ICPC,https://www.linkedin.com/in/glossychicks-llc
Victor Reis,United States,Cornell University,2016,ICPC,https://pt.linkedin.com/in/victor-reis-68b86a21
Victor Rong,Canada,,2019,IMO,https://www.linkedin.com/in/victorrong
Victor Tao,Canada,University of Toronto,2021,ICPC,
Victor Xu,United States,Princeton University,2017,ICPC,https://www.linkedin.com/in/victor-xu-bb7359110
Viktor Kozhuharov,United Kingdom,University of Oxford,2024,ICPC,https://uk.linkedin.com/in/viktor-kozhuharov
Vincent Huang,United States,,2019,IMO,https://www.linkedin.com/in/vincenthuang
Vincent Ling,Canada,The University of British Columbia,2024,ICPC,https://ca.linkedin.com/in/vincent-ling-63792a1b4
Visit Pataranutaporn,United States,Rice University,2016,ICPC,
Vladimir Maksimovski,United States,University of Rochester,2021,ICPC,https://www.linkedin.com/in/vladimir-maksimovski
Vladimir Milenkovic,United Kingdom,University of Cambridge,2021,ICPC,https://rs.linkedin.com/in/vladamg98
Volodymyr Lyubinets,Canada,University of Waterloo,2015,ICPC,https://www.linkedin.com/in/lyubinets
Waitaya Krongapiradee,United States,University of California Irvine,2017,ICPC,
Warren Bei,Canada,,2023,IMO,https://ca.linkedin.com/in/warren-beil-8a2b865
Warren Li,United Kingdom,,2016,IMO,https://www.linkedin.com/in/warren-li
Weiqiao Han,United States,University of California at Berkeley,2016,ICPC,https://www.linkedin.com/in/kai-hu-916797241
Weiying Chen,Canada,University of Alberta,2022,ICPC,
Wen Li Looi,Canada,University of Calgary,2015,ICPC,https://www.linkedin.com/in/wlooi
Wen Yuen Pang,Canada,University of Waterloo,2024,ICPC,https://www.linkedin.com/in/wenyuen
Wenli Looi,United States,Stanford University,2019,ICPC,https://www.linkedin.com/in/wlooi
Wesley Leung,Canada,University of Waterloo,2021,ICPC,https://www.linkedin.com/in/wesley-a-leung
William Cheah,Australia,,2024,IMO,
William Cooperman,United States,Carnegie Mellon University,2015,ICPC,https://www.linkedin.com/in/gregcooperman
William Fiset,Canada,Mount Allison University,2017,ICPC,https://www.linkedin.com/in/williamfiset
William George Steinberg,Australia,,2020,IMO,https://uk.linkedin.com/in/william-steinberg
William Han,New Zealand,,2019,IMO,https://www.linkedin.com/in/williamhan7244
William Hu,Australia,,2018,IMO,https://www.linkedin.com/in/william-hu-92ba4621
William Li,United States,University of Utah,2016,ICPC,https://www.linkedin.com/in/william-li-596b9284
William Thomson,United Kingdom,,2023,IMO,https://www.linkedin.com/in/williammthomson
William Tsin,United States,Carnegie Mellon University,2023,ICPC,https://www.linkedin.com/in/william-tsin-a06990214
William Wang,United States,,2020,IMO,https://www.linkedin.com/in/william-wang-10282828
William Xi,United States,Stanford University,2023,ICPC,https://www.linkedin.com/in/william-xi-a8535b190
William Zhao,Canada,,2019,IMO,https://www.linkedin.com/in/williamzhao123
Wilson Zhao,Australia,,2016,IMO,https://www.linkedin.com/in/wilsonzhao
Xi Yi,United States,University of Maryland,2015,ICPC,https://www.linkedin.com/in/xi-yi-34a4a3a9
Xiang Wang,United States,Duke University,2019,ICPC,https://www.linkedin.com/in/xiang-wang-37585995
Xiangyue (Laura) Nan,Australia,,2024,IMO,https://www.linkedin.com/in/xiaozhuo-laura-cheng-a73b9386
Xiao Mao,United States,Massachusetts Institute of Technology,2021,ICPC,https://www.linkedin.com/in/xiao-mao-98094790
Xiaoou Zhou,United States,University of Rochester,2024,ICPC,
Xifan Yu,United States,University of Chicago,2019,ICPC,https://www.linkedin.com/in/xifan-yu
Xin Gao,United States,University of California Los Angeles,2015,ICPC,https://www.linkedin.com/in/xin-gao-022771107
Xin Wei Chow,Australia,Monash University,2017,ICPC,https://au.linkedin.com/in/xinweichow
Xingfang Yuan,United States,Rose-Hulman Institute of Technology,2018,ICPC,https://www.linkedin.com/in/xingfang-yuan-8305b295
Xingjian Bai,United Kingdom,University of Oxford,2023,ICPC,https://uk.linkedin.com/in/xingjian-bai-8103ba184
Xingyu Zhou,Canada,The University of British Columbia,2021,ICPC,https://ca.linkedin.com/in/xingyu-zhou-966000166
Xingyuan Sun,United States,Princeton University,2019,ICPC,https://www.linkedin.com/in/xingyuan-sun-705545145
Xinpei Yu,United States,University of Southern California,2015,ICPC,https://www.linkedin.com/in/xinpei-yu-5949b658
Xinyu Wu,United States,Carnegie Mellon University,2016,ICPC,https://www.linkedin.com/in/xinyu-wu-68b42a94
Xiyao Shi,United States,University of Illinois at Urbana-Champaign,2018,ICPC,https://www.linkedin.com/in/wangxiyao
Xuezhi Wang,Canada,,2024,IMO,https://www.linkedin.com/in/xuezhi-wang-8189b320
Xutong Wang,New Zealand,,2018,IMO,https://www.linkedin.com/in/xutong-wang-36b8b6120
Xuzhi Zhang,New Zealand,,2015,IMO,https://www.linkedin.com/in/nelson-xuzhi-zhang
Yan (Bill) Huang,Canada,,2015,IMO,https://www.linkedin.com/in/bill-huang-341299ba
Yan Ji,United States,Cornell University,2018,ICPC,
Yan Zou,United States,University of Rochester,2024,ICPC,
Yang Liu,United States,Stanford University,2015,ICPC,https://www.linkedin.com/in/liuyang90081
Yang Song,Australia,,2015,IMO,https://www.linkedin.com/in/yang-song-machine-learning
Yasiru Jayasooriya,Australia,,2019,IMO,https://au.linkedin.com/in/yasiru-jayasooriya-546583202
Yasiru Randiya Jayasooriya,Australia,,2020,IMO,https://au.linkedin.com/in/yasiru-jayasooriya-546583202
Yen-Hsiang Chang,United States,University of Illinois at Urbana-Champaign,2020,ICPC,https://www.linkedin.com/in/candicechen016
Yesung Jung,Canada,University of Waterloo,2018,ICPC,https://ca.linkedin.com/in/siyeonjung
Yewen Fan,United States,University of Illinois at Urbana-Champaign,2017,ICPC,https://www.linkedin.com/in/cyriljazra
Yeyuan Chen,United States,University of Michigan at Ann Arbor,2024,ICPC,https://cn.linkedin.com/in/yeyuan-chen-5a27731b4
Yi Feng Huang,Canada,University of Waterloo,2016,ICPC,https://www.linkedin.com/in/andyyfhuang
Yi Kuan Li,Canada,University of Waterloo,2017,ICPC,https://www.linkedin.com/in/fataleagle
Yi Wu,United States,University of California at Berkeley,2015,ICPC,https://www.linkedin.com/in/yi-wu-0b5121248
Yi Xiao Zhang,Canada,,2015,IOI,
Yi Xu,United States,Cornell University,2020,ICPC,https://www.linkedin.com/in/yixu34
Yiannis Fam,New Zealand,,2017,IMO,
Yibo Huang,United States,Virginia Tech,2020,ICPC,https://www.linkedin.com/in/yibo-huang-9b8826157
Yichen Huang,United Kingdom,University of Oxford,2023,ICPC,https://uk.linkedin.com/in/yichen-huang-924573255
Yiding Feng,United States,Northwestern University,2017,ICPC,https://www.linkedin.com/in/yiding-feng-6795b8242
Yifan Liu,United States,University of Chicago,2019,ICPC,https://www.linkedin.com/in/yifanliu-yf
Yijie Wang,United States,Georgia Institute of Technology,2015,ICPC,https://www.linkedin.com/in/yijie-dylan-wang-68166257
Yijun Chen,United States,Carnegie Mellon University,2022,ICPC,https://www.linkedin.com/in/yijuncmu
Yikuan Li,Canada,,2016,IOI,https://www.linkedin.com/in/yikuanli8
Yilun Wu,United States,Rose-Hulman Institute of Technology,2018,ICPC,https://www.linkedin.com/in/yilun-wu-1194a7112
Ying Sheng,United States,Columbia University,2018,ICPC,https://www.linkedin.com/in/yingsheng-li-8220911
Yinzhan Xu,United States,Massachusetts Institute of Technology,2019,ICPC,https://www.linkedin.com/in/yan-xu-1848bb260
Yiquan Wang,United States,Carnegie Mellon University,2019,ICPC,https://hk.linkedin.com/in/yiquan-wang-0b8743b4
Yordan Chaparov,United Kingdom,Imperial College London,2016,ICPC,https://uk.linkedin.com/in/yordan-chaparov
Youngmin Park,United States,"University of California, Berkeley",2024,ICPC,https://www.linkedin.com/in/youngminpark2
Yu Gao,United States,Georgia Institute of Technology,2022,ICPC,https://www.linkedin.com/in/yu-gao-b5883b39
Yuan Yao,United States,,2016,IMO,https://www.linkedin.com/in/yuan-yao-5020b83b
Yuanchen Du,Canada,University of British Columbia,2017,ICPC,
Yuehui Wang,United States,University of Southern California,2016,ICPC,https://www.linkedin.com/in/yuehui-wang-17a37998
Yuetong Wang,United States,Stanford University,2018,ICPC,https://cn.linkedin.com/in/yuetong-wang-81463a117
Yuheng Xu,United States,Duke University,2020,ICPC,https://www.linkedin.com/in/heng-xu-71972619b
Yui Hin Arvin Leung,United Kingdom,University of Cambridge,2021,ICPC,https://uk.linkedin.com/in/yui-hin-leung-1a1001276
Yujie An,United States,University of Michigan at Ann Arbor,2015,ICPC,https://www.linkedin.com/in/yujie-an-7591113a
Yujin Wu,Australia,The University of New South Wales,2015,ICPC,https://au.linkedin.com/in/yujin-wu-0892ab214
Yuka Machino,United Kingdom,,2021,IMO,https://www.linkedin.com/in/yuka-machino-6a8229226
Yunpeng Tang,Canada,University of Alberta,2017,ICPC,https://ca.linkedin.com/in/frank-yunpeng-tang-aba995111
Yuping Luo,United States,Princeton University,2019,ICPC,
Yuting Zhang,United States,University of Illinois at Urbana-Champaign,2017,ICPC,https://www.linkedin.com/in/yuting-zhang-uiuc
Yuuki Sawanoi,United States,University of Illinois at Urbana-Champaign,2024,ICPC,https://www.linkedin.com/in/yuukis18
Yuxiang Zhang,United States,Iowa State University,2017,ICPC,https://www.linkedin.com/in/yuxiangmusic
Yuxin Sun,United States,University of Wisconsin - Madison,2018,ICPC,https://www.linkedin.com/in/yuxin-sun-b96b47213
Yuzhou Gu,United States,Massachusetts Institute of Technology,2017,ICPC,https://www.linkedin.com/in/yuzhou-gu-5b067571
Zachary Chroman,United States,,2017,IMO,https://www.linkedin.com/in/zack-chroman-85486115a
Zachary Felix,United States,Messiah College,2015,ICPC,https://www.linkedin.com/in/ieasha-tincler-aa935215
Zachary Glick,United States,Washington University in St. Louis,2018,ICPC,https://www.linkedin.com/in/zach-glick-800b75219
Zachary Polansky,United States,University of Rochester,2017,ICPC,https://www.linkedin.com/in/jane-polansky-485b696
Zachary Smith,United Kingdom,,2019,IOI,https://www.linkedin.com/in/zsmith
Zack Lee,United States,Carnegie Mellon University,2021,ICPC,https://www.linkedin.com/in/zacktlee
Zalan Varga,New Zealand,,2022,IOI,
Zekun Li,United States,University of Southern California,2016,ICPC,https://www.linkedin.com/in/lizekun
Zexing Chen,United States,University of California San Diego,2024,ICPC,https://www.linkedin.com/in/zexing-chen-51746a168
Zexuan Zhong,United States,University of Illinois at Urbana-Champaign,2019,ICPC,https://www.linkedin.com/in/zexuan-zhang-556487288
Zeyu Nie,United States,University of Rochester,2024,ICPC,https://www.linkedin.com/in/zeyu-nie
Zeyu Wang,United States,Northwestern University,2015,ICPC,https://www.linkedin.com/in/zeyu-wang-
Zeyuan He,United States,University of Wisconsin - Madison,2019,ICPC,https://jp.linkedin.com/in/zeyuan-he
Zhan Xiong Chin,United States,University of Pennsylvania,2018,ICPC,https://sg.linkedin.com/in/zhan-xiong-chin
Zhenwei Hu,United States,University of Illinois at Urbana-Champaign,2022,ICPC,https://www.linkedin.com/in/zhenweihu
Zhenxian Yang,United Kingdom,,2015,IOI,https://uk.linkedin.com/in/zhen-yang-5843a0171
Zhenyuan Xiang,Canada,University of Toronto,2023,ICPC,https://ca.linkedin.com/in/zhenyuan-xiang
Zhezheng Luo,United States,Massachusetts Institute of Technology,2020,ICPC,https://www.linkedin.com/in/zhezheng-luo-707394231
Zhiyuan Qi,New Zealand,,2020,IOI,https://www.linkedin.com/in/zhiyuan-qi-4a074a1b6
Zhongtian Jiang,United States,Georgia Institute of Technology,2015,ICPC,https://www.linkedin.com/in/zhongtianjiang
Zhou Sun,United States,University of Michigan at Ann Arbor,2015,ICPC,https://www.linkedin.com/in/yishun-zhou
Zhuo Qun (Alex) Song,Canada,,2015,IMO,https://www.linkedin.com/in/zhuoqunsong
Zhuolin Yang,United States,University of Illinois at Urbana-Champaign,2020,ICPC,https://www.linkedin.com/in/zhuolin-yang-a91180198
Zian Shang,Australia,,2023,IMO,https://au.linkedin.com/in/zian-shang-972257188
Zifan Wang,United States,,2021,IMO,https://www.linkedin.com/in/zifanw
Zihan Wang,United States,University of Illinois at Urbana-Champaign,2020,ICPC,https://www.linkedin.com/in/zihan-wang-594061195
Zimri Leisher,United States,Carleton College,2023,ICPC,https://www.linkedin.com/in/zimri-leisher
Ziqian Zhong,United States,Massachusetts Institute of Technology,2024,ICPC,https://www.linkedin.com/in/ziqian-zhong-9723a9146
Zixiang Zhou,Canada,,2021,IMO,https://www.linkedin.com/in/zixiangzhou
Zixiang Zhou,United States,Massachusetts Institute of Technology,2024,ICPC,https://www.linkedin.com/in/zixiangzhou
Zixu He,Australia,UNSW Sydney,2024,ICPC,https://au.linkedin.com/in/zixu-zhao-6860b9307
Zixuan Zhao,United States,University of Chicago,2019,ICPC,https://www.linkedin.com/in/zixuan-zhao-1051a2185
Ziyi Zhang,United States,University of Wisconsin-Madison,2020,ICPC,https://www.linkedin.com/in/ziyi-zhang-uwmadison
Ziyuan Zhang,United States,University of Wisconsin-Madison,2021,ICPC,https://www.linkedin.com/in/dz00
Zoltán Molnár Sáska,United Kingdom,University of Cambridge,2019,ICPC,https://hu.linkedin.com/in/zoltan-molnar-saska-56a773199
Zuohan Xiahou,United States,Washington University in St. Louis,2018,ICPC,
